{
  "ambientocclusion": false,
  "textures": {
    "particle": "block/blank",
    "texture": "blocks/ladder"
  },
  "elements": [
    {
      "from": [
        0,
        0,
        15.2
      ],
      "to": [
        16,
        16,
        15.2
      ],
      "shade": false,
      "faces": {
        "north": {
          "uv": [
            0,
            0,
            16,
            16
          ],
          "texture": "#texture"
        },
        "south": {
          "uv": [
            0,
            0,
            16,
            16
          ],
          "texture": "#texture"
        }
      }
    }
  ]
}
