{
  "ambientocclusion": false,
  "textures": {
    "particle": "block/blank",
    "cross": "blocks/redstone_dust_cross",
    "crossoverlay": "blocks/redstone_dust_cross_overlay",
    "line": "blocks/redstone_dust_line",
    "lineoverlay": "blocks/redstone_dust_line_overlay"
  },
  "elements": [
    {
      "from": [
        0,
        0.25,
        0
      ],
      "to": [
        16,
        0.25,
        16
      ],
      "shade": false,
      "faces": {
        "up": {
          "uv": [
            0,
            0,
            16,
            16
          ],
          "texture": "#cross",
          "tintindex": 0
        }
      }
    },
    {
      "from": [
        0,
        0.25,
        0
      ],
      "to": [
        16,
        0.25,
        16
      ],
      "shade": false,
      "faces": {
        "up": {
          "uv": [
            0,
            0,
            16,
            16
          ],
          "texture": "#crossoverlay"
        }
      }
    }
  ]
}
